.metric,.estimator,.estimate
ppv,macro,0.8578598484848485
npv,macro,0.987999903806844
sens,macro,0.6984126984126984
spec,macro,0.9847741104469487
precision,macro,0.8578598484848484
recall,macro,0.6984126984126984
accuracy,multiclass,0.9294117647058824
kap,multiclass,0.8849083215796898
pr_auc,macro,0.8516675321607746
roc_auc,hand_till,0.9601981752608318
