"","TP","FP","TN","FN","PPV","NPV","sensitivity","specificity"
"anthropogenic_terrestrial",0.558823529411765,0.00588235294117647,0.435294117647059,0,0.989583333333333,1,1,0.986666666666667
"desert",0.0117647058823529,0.00588235294117647,0.958823529411765,0.0235294117647059,0.666666666666667,0.976047904191617,0.333333333333333,0.99390243902439
"forest",0.0176470588235294,0.00588235294117647,0.952941176470588,0.0235294117647059,0.75,0.975903614457831,0.428571428571429,0.993865030674847
"grassland",0.0176470588235294,0,0.958823529411765,0.0235294117647059,1,0.976047904191617,0.428571428571429,1
"shrubland",0.105882352941176,0.0117647058823529,0.882352941176471,0,0.9,1,1,0.986842105263158
"tundra",0.217647058823529,0.0411764705882353,0.741176470588235,0,0.840909090909091,1,1,0.947368421052632
"average",0.154901960784314,0.0117647058823529,0.82156862745098,0.0117647058823529,0.857859848484849,0.987999903806844,0.698412698412698,0.984774110446949
