"","TP","FP","TN","FN","PPV","NPV","sensitivity","specificity"
"anthropogenic_terrestrial",0.547058823529412,0,0.452941176470588,0,1,1,1,1
"desert",0.0235294117647059,0,0.976470588235294,0,1,1,1,1
"forest",0.0411764705882353,0,0.952941176470588,0.00588235294117647,1,0.993865030674847,0.875,1
"grassland",0.0117647058823529,0.00588235294117647,0.976470588235294,0.00588235294117647,0.666666666666667,0.994011976047904,0.666666666666667,0.994011976047904
"shrubland",0.188235294117647,0.00588235294117647,0.805882352941176,0,0.96969696969697,1,1,0.992753623188406
"tundra",0.176470588235294,0,0.823529411764706,0,1,1,1,1
"average",0.164705882352941,0.00196078431372549,0.831372549019608,0.00196078431372549,0.939393939393939,0.997979501120458,0.923611111111111,0.997794266539385
